postal_code,name,canton
1000,Lausanne,VD
1008,Prilly,VD
1009,Pully,VD
1020,Renens VD,VD
1022,Chavannes-Renens,VD
1023,Crissier,VD
1024,Ecublens VD,VD
1025,St-Sulpice VD,VD
1026,Echandens-Denges,VD
1027,Lonay,VD
1028,Préverenges,VD
1030,Bussigny-Lausanne,VD
1032,Romanel-s-Lausanne,VD
1033,Cheseaux-Lausanne,VD
1037,Etagnières,VD
1038,Bercher,VD
1040,Echallens,VD
1377,Oulens-Echallens,VD
1042,Bettens,VD
1417,Epautheyres,VD
1041,Dommartin,VD
1063,Peyres-Possens,VD
1053,Bretigny-Morrens,VD
1034,Boussens,VD
1035,Bournens,VD
1036,Sullens,VD
1044,Fey,VD
1045,Ogens,VD
1407,Bioley-Magnoux,VD
1052,Mont-sur-Lausanne,VD
1054,Morrens VD,VD
1055,Froideville,VD
1066,Epalinges,VD
1073,Savigny,VD
1083,Mézières VD,VD
1092,Belmont-Lausanne,VD
1093,La Conversion,VD
1094,Paudex,VD
1096,Cully,VD
1058,Villars-Tiercelin,VD
1080,Les Cullayes,VD
1081,Montpreveyres,VD
1082,Corcelles-le-Jorat,VD
1088,Ropraz,VD
1084,Carrouge VD,VD
1085,Vulliens,VD
1509,Vucherens,VD
1510,Syens,VD
1076,Ferlens VD,VD
1078,Essertes,VD
1673,Auboranges,FR
1110,Morges,VD
1112,Echichens,VD
1167,Lussy-sur-Morges,VD
1132,Lully VD,VD
1131,Tolochenaz,VD
1126,Vaux-sur-Morges,VD
1127,Clarmont,VD
1128,Reverolle,VD
1115,Vullierens,VD
1116,Cottens VD,VD
1117,Grancy,VD
1304,Senarclens,VD
1121,Bremblens,VD
1122,Romanel-sur-Morges,VD
1123,Aclens,VD
1124,Gollion,VD
1134,Vufflens-Château,VD
1135,Denens,VD
1136,Bussy-Chardonney,VD
1169,Yens,VD
1168,Villars-sous-Yens,VD
1144,Ballens,VD
1149,Berolle,VD
1146,Mollens VD,VD
1147,Montricher,VD
1142,Pampigny,VD
1141,Sévery,VD
1143,Apples,VD
1145,Bière,VD
1148,L'Isle,VD
1162,St-Prex,VD
1163,Etoy,VD
1164,Buchillon,VD
1165,Allaman,VD
1166,Perroy,VD
1170,Aubonne,VD
1172,Bougy-Villars,VD
1173,Féchy,VD
1174,Montherod,VD
1175,Lavigny,VD
1176,St-Livres,VD
1180,Rolle,VD
1182,Gilly,VD
1183,Bursins,VD
1184,Vinzel,VD
1185,Mont-sur-Rolle,VD
1186,Essertines-Rolle,VD
1187,St-Oyens,VD
1189,Saubraz,VD
1188,Gimel,VD
1195,Dully-Bursinel,VD
1196,Gland,VD
1197,Prangins,VD
1200,Genève,GE
1212,Grand-Lancy,GE
1214,Vernier,GE
1216,Cointrin,GE
1218,Le Grand-Saconnex,GE
1222,Vésenaz,GE
1223,Cologny,GE
1224,Chêne-Bougeries,GE
1225,Chêne-Bourg,GE
1226,Thônex,GE
1227,Carouge GE,GE
1228,Plan-les-Ouates,GE
1232,Confignon,GE
1233,Bernex,GE
1234,Vessy,GE
1236,Cartigny,GE
1237,Avully,GE
1239,Collex,GE
1241,Puplinge,GE
1242,Satigny,GE
1243,Presinge,GE
1244,Choulex,GE
1246,Corsier GE,GE
1247,Anières,GE
1248,Hermance,GE
1251,Gy,GE
1252,Meinier,GE
1253,Vandoeuvres,GE
1254,Jussy,GE
1256,Troinex,GE
1257,La Croix-de-Rozon,GE
1258,Perly,GE
1260,Nyon,VD
1277,Borex,VD
1278,La Rippe,VD
1279,Chavannes-de-Bogis,VD
1274,Grens,VD
1275,Chéserex,VD
1276,Gingins,VD
1270,Trélex,VD
1271,Givrins,VD
1272,Genolier,VD
1273,Le Muids,VD
1268,Burtigny,VD
1261,Marchissy,VD
1269,Bassins,VD
1262,Eysins,VD
1263,Crassier,VD
1264,St-Cergue,VD
1266,Duillier,VD
1267,Vich-Coinsins,VD
1281,Russin,GE
1283,Dardagny,GE
1284,Chancy,GE
1285,Athenaz (Avusy),GE
1286,Soral,GE
1287,Laconnex,GE
1288,Aire-la-Ville,GE
1290,Versoix,GE
1291,Commugny,VD
1292,Chambésy,GE
1293,Bellevue,GE
1294,Genthod,GE
1295,Mies-Tannay,VD
1296,Coppet,VD
1297,Founex,VD
1298,Céligny,GE
1299,Crans-près-Céligny,VD
1302,Vufflens-la-Ville,VD
1307,Lussery-Villars,VD
1305,Penthalaz,VD
1315,La Sarraz,VD
1317,Orny,VD
1316,Chevilly,VD
1337,Vallorbe,VD
1338,Ballaigues,VD
1341,Orient,VD
1346,Les Bioux,VD
1343,Les Charbonnières,VD
1306,Daillens,VD
1303,Penthaz,VD
1308,La Chaux-Cossonay,VD
1313,Ferreyres,VD
1321,Arnex-sur-Orbe,VD
1318,Pompaples,VD
1312,Eclépens,VD
1329,Bretonnières,VD
1322,Croy,VD
1323,Romainmôtier,VD
1324,Premier,VD
1325,Vaulion,VD
1326,Juriens,VD
1350,Orbe,VD
1352,Agiez,VD
1353,Bofflens,VD
1354,Montcherand,VD
1355,L'Abergement,VD
1356,Les Clées,VD
1357,Lignerolle,VD
1358,Valeyres-Rances,VD
1439,Rances,VD
1373,Chavornay,VD
1372,Bavois,VD
1374,Corcelles-Chavorn,VD
1375,Penthéréaz,VD
1376,Goumoens-la-Ville,VD
1400,Yverdon-les-Bains,VD
1416,Pailly,VD
1418,Vuarrens,VD
1420,Fiez,VD
1421,Fontaines-Grandson,VD
1423,Villars-Burquin,VD
1453,Mauborget,VD
1429,Giez,VD
1430,Orges,VD
1431,Vugelles-La Mothe,VD
1405,Pomy,VD
1406,Cronay,VD
1408,Prahins,VD
1412,Valeyres-Ursins,VD
1413,Orzens,VD
1046,Rueyres,VD
1404,Cuarny,VD
1427,Bonvillars,VD
1424,Champagne,VD
1415,Molondin,VD
1422,Grandson,VD
1425,Onnens VD,VD
1426,Concise,VD
1432,Belmont-Yverdon,VD
1433,Suchy,VD
1434,Ependes VD,VD
1435,Essert-Pittet,VD
1436,Treycovagnes,VD
1437,Suscévaz,VD
1438,Mathod,VD
1441,Valeyres-Montagny,VD
1442,Montagny-Yverdon,VD
1443,Champvent,VD
1445,Vuiteboeuf,VD
1446,Baulmes,VD
1450,Ste-Croix,VD
1452,Les Rasses,VD
1462,Yvonand,VD
1463,Rovray,VD
1464,Chavannes-le-Chêne,VD
1468,Cheyres,FR
1470,Estavayer-le-Lac,FR
1474,Châbles FR,FR
1483,Montet (Broye),FR
1482,Cugy FR,FR
1541,Bussy FR,FR
1485,Nuvilly,FR
1486,Vuissens,FR
1537,Champtauroz,VD
1538,Treytorrens-Payern,VD
1489,Murist,FR
1512,Chavannes-s-Moudon,VD
1513,Hermenches,VD
1514,Bussy-sur-Moudon,VD
1522,Oulens-sur-Lucens,VD
1515,Villars-le-Comte,VD
1521,Curtilles,VD
1523,Granges-Marnand,VD
1527,Villeneuve FR,FR
1528,Surpierre,FR
1529,Cheiry,FR
1530,Payerne,VD
1532,Fétigny,FR
1533,Ménières,FR
1526,Forel-sur-Lucens,VD
1542,Rueyres-les-Prés,FR
1543,Grandcour,VD
1544,Gletterens,FR
1545,Chevroux,VD
1552,Trey,VD
1553,Châtonnaye,FR
1554,Sédeilles,VD
1562,Corcelles-Payerne,VD
1563,Dompierre FR,FR
1564,Domdidier,FR
1565,Missy,VD
1475,Autavaux,FR
1567,Delley,FR
1566,St-Aubin FR,FR
1580,Avenches,VD
1583,Villarepos,FR
1584,Villars-le-Grand,VD
1588,Cudrefin,VD
1595,Faoug,VD
1607,Palézieux-Village,VD
1525,Henniez,VD
1070,Puidoux,VD
1071,Chexbres,VD
1072,Forel (Lavaux),VD
1614,Granges (Veveyse),FR
1615,Bossonnens,FR
1616,Attalens,FR
1617,Remaufens,FR
1618,Châtel-St-Denis,FR
1623,Semsales,FR
1624,La Verrerie,FR
1627,Vaulruz,FR
1628,Vuadens,FR
1630,Bulle,FR
1633,Vuippens,FR
1642,Sorens,FR
1643,Gumefens,FR
1646,Echarlens,FR
1647,Corbières,FR
1648,Hauteville,FR
1656,Im Fang,FR
1657,Abländschen,BE
1654,Cerniat FR,FR
1652,Botterens,FR
1638,Morlon,FR
1663,Moléson-s-Gruyères,FR
1632,Riaz,FR
1634,La Roche FR,FR
1649,Pont-la-Ville,FR
1636,Broc,FR
1661,Pâquier-Montbarry,FR
1665,Estavannens,FR
1669,Neirivue,FR
1666,Grandvillard,FR
1675,Vauderens,FR
1678,Siviriez,FR
1680,Romont FR,FR
1681,Billens,FR
1683,Brenles,VD
1694,Orsonnens,FR
1695,Villarlod,FR
1696,Vuisternens-Ogoz,FR
1684,Mézières FR,FR
1685,Villariaz,FR
1686,Grangettes-Romont,FR
1689,Châtelard-p-Romont,FR
1626,Romanens,FR
1692,Massonnens,FR
1613,Maracon,VD
1609,St-Martin FR,FR
1699,Bouloz,FR
1700,Fribourg,FR
1763,Granges-Paccot,FR
1720,Corminboeuf,FR
1721,Misery-Courtion,FR
1735,Giffers,FR
1736,St. Silvester,FR
1737,Plasselb,FR
1738,Sangernboden,BE
1716,Schwarzsee,FR
1724,Bonnefontaine,FR
1727,Corpataux-Magneden,FR
1728,Rossens FR,FR
1719,Brünisried,FR
1731,Ependes FR,FR
1732,Arconciel,FR
1733,Treyvaux,FR
1712,Tafers,FR
1713,St. Antoni,FR
1714,Heitenried,FR
1715,Alterswil FR,FR
1717,St. Ursen,FR
1718,Rechthalten,FR
1723,Marly,FR
1725,Posieux,FR
1726,Farvagny,FR
1746,Prez-vers-Noréaz,FR
1747,Corserey,FR
1748,Torny-le-Grand,FR
1740,Neyruz FR,FR
1741,Cottens FR,FR
1744,Chénens,FR
1745,Lentigny,FR
1742,Autigny,FR
1691,Villarimboud,FR
1752,Villars-sur-Glâne,FR
1753,Matran,FR
1754,Rosé,FR
1757,Noréaz,FR
1690,Villaz-St-Pierre,FR
1762,Givisiez,FR
1772,Grolley,FR
1773,Léchelles,FR
1774,Cousset,FR
1795,Courlevon,FR
1796,Courgevaux,FR
1797,Münchenwiler,BE
1794,Salvenach,FR
1793,Jeuss,FR
1792,Cordast,FR
1791,Courtaman,FR
1788,Praz (Vully),FR
1789,Lugnorre,FR
1782,Belfaux,FR
1783,Pensier,FR
1785,Cressier FR,FR
1800,Vevey,VD
1801,Le Mont-Pèlerin,VD
1808,Monts-de-Corsier,VD
1802,Corseaux,VD
1805,Jongny,VD
1806,St-Légier-Chiésaz,VD
1807,Blonay,VD
1814,La Tour-de-Peilz,VD
1815,Clarens,VD
1658,La Tine,VD
1660,Les Moulins,VD
1659,Flendruz,VD
1844,Villeneuve VD,VD
1847,Rennaz,VD
1845,Noville,VD
1846,Chessel,VD
1852,Roche VD,VD
1853,Yvorne,VD
1854,Leysin,VD
1867,St-Triphon,VD
1860,Aigle,VD
1856,Corbeyrier,VD
1862,La Comballaz,VD
1864,Vers-l'Eglise,VD
1868,Collombey,VS
1870,Monthey,VS
1872,Troistorrents,VS
1873,Val-d'Illiez,VS
1874,Champéry,VS
1880,Bex,VD
1882,Gryon,VD
1890,St-Maurice,VS
1891,Vérossaz,VS
1869,Massongex,VS
1895,Vionnaz,VS
1897,Les Evouettes,VS
1892,Lavey-Village,VD
1896,Vouvry,VS
1898,St-Gingolph,VS
1902,Evionnaz,VS
1903,Collonges,VS
1904,Vernayaz,VS
1905,Dorénaz,VS
1906,Charrat,VS
1907,Saxon,VS
1908,Riddes,VS
1912,Leytron,VS
1913,Saillon,VS
1914,Isérables,VS
1955,Chamoson,VS
1957,Ardon,VS
1920,Martigny,VS
1921,Martigny-Croix,VS
1923,Le Trétien,VS
1925,Le Châtelard VS,VS
1927,Chemin,VS
1929,Trient,VS
1926,Fully,VS
1932,Bovernier,VS
1947,Versegères,VS
1945,Liddes,VS
1946,Bourg-St-Pierre,VS
1943,Praz-de-Fort,VS
1933,Sembrancher,VS
1950,Sion,VS
1975,St-Séverin,VS
1971,Grimisuat,VS
1974,Arbaz,VS
1961,Vernamiège,VS
1969,St-Martin VS,VS
1981,Vex,VS
1982,Euseigne,VS
1984,Les Haudères,VS
1992,Les Agettes,VS
1993,Veysonnaz,VS
1997,Siviez (Nendaz),VS
1963,Vétroz,VS
1965,Savièse,VS
1966,Ayent,VS
2000,Neuchâtel,NE
2012,Auvernier,NE
2015,Areuse,NE
2016,Cortaillod,NE
2022,Bevaix,NE
2023,Gorgier,NE
2024,St-Aubin-Sauges,NE
2028,Vaumarcus,NE
2034,Peseux,NE
2035,Corcelles NE,NE
2042,Valangin,NE
2043,Boudevilliers,NE
2068,Hauterive NE,NE
2072,St-Blaise,NE
2073,Enges,NE
2074,Marin-Epagnier,NE
3238,Gals,BE
2087,Cornaux NE,NE
2088,Cressier NE,NE
2318,Brot-Plamboz,NE
2103,Noiraigue,NE
2117,La Côte-aux-Fées,NE
2406,La Brévine,NE
2126,Les Verrières,NE
2149,Champ-du-Moulin,NE
2019,Chambrelien,NE
2300,La Chaux-de-Fonds,NE
2316,Petit-Martel,NE
2338,Les Emibois,JU
2314,La Sagne NE,NE
2325,Les Planchettes,NE
2333,La Ferrière,BE
2336,Les Bois,JU
2400,Le Locle,NE
2405,La Chaux-du-Milieu,NE
2414,Cerneux-Péquignot,NE
2416,Les Brenets,NE
2500,Biel/Bienne,BE
2512,Tüscherz-Alfermée,BE
2514,Ligerz,BE
2515,Prêles,BE
2518,Nods,BE
2520,La Neuveville,BE
2523,Lignières,NE
2525,Le Landeron,NE
2532,Magglingen/Macolin,BE
2534,Orvin,BE
2535,Frinvillier,BE
2538,Romont BE,BE
2540,Grenchen,SO
2542,Pieterlen,BE
2543,Lengnau BE,BE
2544,Bettlach,SO
2545,Selzach,SO
2552,Orpund,BE
2553,Safnern,BE
2554,Meinisberg,BE
2555,Brügg BE,BE
2556,Scheuren,BE
2557,Studen BE,BE
2558,Aegerten,BE
2560,Nidau,BE
2562,Port,BE
2563,Ipsach,BE
2564,Bellmund,BE
2565,Jens,BE
2572,Sutz,BE
2575,Täuffelen,BE
2576,Lüscherz,BE
2577,Siselen BE,BE
3237,Brüttelen,BE
2603,Péry,BE
2604,La Heutte,BE
2605,Sonceboz-Sombeval,BE
2606,Corgémont,BE
2607,Cortébert,BE
2608,Courtelary,BE
2610,St-Imier,BE
2612,Cormoret,BE
2613,Villeret,BE
2615,Sonvilier,BE
2616,Renan BE,BE
2710,Tavannes,BE
2712,Le Fuet,BE
2714,Le Prédame,JU
2717,Fornet-Dessous,BE
2718,Fornet-Dessus,JU
2716,Sornetan,BE
2720,Tramelan,BE
2723,Mont-Tramelan,BE
2345,Les Breuleux,JU
2340,Le Noirmont,JU
2350,Saignelégier,JU
2732,Reconvilier,BE
2733,Pontenet,BE
2735,Malleray-Bévilard,BE
2736,Sorvilier,BE
2738,Court,BE
2740,Moutier,BE
2742,Perrefitte,BE
2748,Souboz,BE
2743,Eschert,BE
2744,Belprahon,BE
2747,Seehof,BE
2745,Grandval,BE
2746,Crémines,BE
2762,Roches BE,BE
2832,Rebeuvelier,JU
2830,Courrendlin,JU
2800,Delémont,JU
2802,Develier,JU
2803,Bourrignon,JU
2805,Soyhières,JU
2806,Mettembert,JU
2807,Pleigne,JU
2812,Movelier,JU
2813,Ederswiler,JU
2814,Roggenburg,BL
2822,Courroux,JU
2824,Vicques,JU
2825,Courchapoix,JU
2826,Corban,JU
2827,Mervelier,JU
2842,Rossemaison,JU
2843,Châtillon JU,JU
2852,Courtételle,JU
2853,Courfaivre,JU
2856,Boécourt,JU
2873,Saulcy,JU
2882,St-Ursanne,JU
2887,Soubey,JU
2950,Courgenay,JU
2900,Porrentruy,JU
2902,Fontenais,JU
2905,Courtedoux,JU
2906,Chevenez,JU
2907,Rocourt,JU
2908,Grandfontaine,JU
2915,Bure,JU
2916,Fahy,JU
2922,Courchavon,JU
2923,Courtemaîche,JU
2926,Boncourt,JU
2932,Coeuve,JU
2935,Beurnevésin,JU
2942,Alle,JU
2943,Vendlincourt,JU
2944,Bonfol,JU
2946,Miécourt,JU
2952,Cornol,JU
3000,Bern,BE
3095,Spiegel b. Bern,BE
3032,Hinterkappelen,BE
3035,Frieswil,BE
3036,Detligen,BE
3037,Herrenschwanden,BE
3042,Ortschwaben,BE
3047,Bremgarten b. Bern,BE
3048,Worblaufen,BE
3052,Zollikofen,BE
3053,Münchenbuchsee,BE
3054,Schüpfen,BE
3065,Bolligen,BE
3066,Stettlen,BE
3067,Boll,BE
3072,Ostermundigen,BE
3073,Gümligen,BE
3075,Rüfenacht BE,BE
3082,Schlosswil,BE
3083,Trimstein,BE
3088,Oberbütschel,BE
3086,Zimmerwald,BE
3087,Niedermuhlern,BE
3096,Oberbalm,BE
3099,Rüti b. Riggisberg,BE
3112,Allmendingen b. BE,BE
3114,Wichtrach,BE
3115,Gerzensee,BE
3116,Kirchdorf BE,BE
3629,Kiesen,BE
3628,Uttigen,BE
3122,Kehrsatz,BE
3123,Belp,BE
3125,Toffen,BE
3126,Kaufdorf,BE
3127,Mühlethurnen,BE
3128,Kirchenthurnen,BE
3664,Burgistein,BE
3665,Wattenwil,BE
3662,Seftigen,BE
3663,Gurzelen,BE
3661,Uetendorf,BE
3148,Lanzenhäusern,BE
3153,Rüschegg Gambach,BE
3175,Flamatt,FR
3176,Neuenegg,BE
3177,Laupen BE,BE
3178,Bösingen,FR
3179,Kriechenwil,BE
3182,Ueberstorf,FR
3186,Düdingen,FR
3202,Frauenkappelen,BE
3203,Mühleberg,BE
3206,Rizenbach,BE
3207,Wileroltigen,BE
3208,Gurbrü,BE
3210,Kerzers,FR
3216,Ried b. Kerzers,FR
3215,Gempenach,FR
3214,Ulmiz,FR
3225,Müntschemier,BE
3226,Treiten,BE
3232,Ins,BE
3233,Tschugg,BE
3234,Vinelz,BE
3235,Erlach,BE
3236,Gampelen,BE
3250,Lyss,BE
3251,Wengi b. Büren,BE
3252,Worben,BE
3253,Schnottwil,SO
3254,Messen,SO
3255,Rapperswil BE,BE
3257,Grossaffoltern,BE
3263,Büetigen,BE
3264,Diessbach b. Büren,BE
3270,Aarberg,BE
3272,Walperswil,BE
3273,Kappelen,BE
3274,Hermrigen,BE
3280,Murten,FR
3282,Bargen BE,BE
3283,Kallnach,BE
3284,Fräschels,FR
3285,Galmiz,FR
3286,Muntelier,FR
3293,Dotzigen,BE
3294,Büren an der Aare,BE
3295,Rüti b. Büren,BE
3296,Arch,BE
3297,Leuzigen,BE
3298,Oberwil b. Büren,BE
3302,Moosseedorf,BE
3303,Jegenstorf,BE
3308,Grafenried,BE
3315,Bätterkinden,BE
3322,Urtenen-Schönbühl,BE
3323,Bäriswil BE,BE
3324,Hindelbank,BE
3325,Hettiswil,BE
3305,Iffwil,BE
3309,Kernenried,BE
3360,Herzogenbuchsee,BE
3429,Höchstetten-Hells,BE
4556,Aeschi SO,SO
3376,Graben,BE
3372,Wanzwil,BE
3374,Wangenried,BE
3362,Niederönz,BE
3365,Seeberg,BE
3366,Bettenhausen,BE
3367,Thörigen,BE
3368,Bleienbach,BE
3400,Burgdorf,BE
3412,Heimiswil,BE
3414,Oberburg,BE
3415,Hasle-Rüegsau,BE
3416,Affoltern BE,BE
3417,Rüegsau,BE
3421,Lyssach,BE
3422,Kirchberg BE,BE
3423,Ersigen,BE
3424,Niederösch,BE
3425,Koppigen,BE
3426,Aefligen,BE
3427,Utzenstorf,BE
3428,Wiler b.Utzenstorf,BE
3432,Lützelflüh-Goldb,BE
3433,Schwanden i. E.,BE
3434,Obergoldbach,BE
3438,Lauperswil,BE
3453,Heimisbach,BE
3454,Sumiswald,BE
3464,Schmidigen-Mühlew,BE
3465,Dürrenroth,BE
3472,Wynigen,BE
3473,Alchenstorf,BE
3111,Tägertschi,BE
3503,Gysenstein,BE
3504,Niederhünigen,BE
3506,Grosshöchstetten,BE
3507,Biglen,BE
3508,Arni BE,BE
3512,Walkringen,BE
3672,Oberdiessbach,BE
3673,Linden,BE
3671,Brenzikofen,BE
3531,Oberthal,BE
3532,Zäziwil,BE
3533,Bowil,BE
3534,Signau,BE
3536,Aeschau,BE
3538,Röthenbach i. E.,BE
3550,Langnau i. E.,BE
3555,Trubschachen,BE
3556,Trub,BE
3600,Thun,BE
3617,Fahrni b. Thun,BE
3618,Süderen,BE
3619,Eriz,BE
3622,Homberg b. Thun,BE
3635,Uebeschi,BE
3631,Höfen b. Thun,BE
3636,Längenbühl,BE
3612,Steffisburg,BE
3614,Unterlangenegg,BE
3615,Heimenschwand,BE
3616,Schwarzenegg,BE
3623,Teuffenthal BE,BE
3625,Heiligenschwendi,BE
3626,Hünibach,BE
3627,Heimberg,BE
3633,Amsoldingen,BE
3634,Thierachern,BE
3638,Blumenstein,BE
3646,Einigen,BE
3647,Reutigen,BE
3653,Oberhofen Thun'see,BE
3654,Gunten,BE
3703,Aeschi b. Spiez,BE
3704,Krattigen,BE
3706,Leissigen,BE
3707,Därligen,BE
3713,Reichenbach i. K.,BE
3714,Frutigen,BE
3715,Adelboden,BE
3716,Kandergrund,BE
3718,Kandersteg,BE
3752,Wimmis,BE
3753,Oey,BE
3758,Latterbach,BE
3763,Därstetten,BE
3765,Oberwil i. S.,BE
3766,Boltigen,BE
3770,Zweisimmen,BE
3772,St. Stephan,BE
3775,Lenk im Simmental,BE
3782,Lauenen b. Gstaad,BE
3784,Feutersoey,BE
3800,Interlaken,BE
3801,Jungfraujoch,VS
3803,Beatenberg,BE
3804,Habkern,BE
3805,Goldswil,BE
3806,Bönigen,BE
3807,Iseltwald,BE
3812,Wilderswil,BE
3813,Saxeten,BE
3814,Gsteigwiler,BE
3815,Zweilütschinen,BE
3816,Lütschental,BE
3818,Grindelwald,BE
3822,Lauterbrunnen,BE
3853,Niederried Interl,BE
3854,Oberried Brienz,BE
3855,Brienz BE,BE
3856,Brienzwiler,BE
3857,Unterbach BE,BE
3858,Hofstetten BE,BE
3862,Innertkirchen,BE
3864,Guttannen,BE
3900,Brig,VS
3949,Hohtenn,VS
3903,Birgisch,VS
3913,Rosswald,VS
3911,Ried-Brig,VS
3907,Simplon Hospiz,VS
3922,Eisten,VS
3908,Saas-Balen,VS
3910,Saas-Grund,VS
3917,Goppenstein,VS
3918,Wiler (Lötschen),VS
3919,Blatten(Lötschen),VS
3905,Saas-Almagell,VS
3906,Saas-Fee,VS
3920,Zermatt,VS
3923,Törbel,VS
3926,Embd,VS
3927,Herbriggen,VS
3928,Randa,VS
3929,Täsch,VS
3925,Grächen,VS
3930,Visp,VS
3942,St. German,VS
3933,Staldenried,VS
3937,Baltschieder,VS
3938,Ausserberg,VS
3939,Eggerberg,VS
3931,Lalden,VS
3932,Visperterminen,VS
3934,Zeneggen,VS
3935,Bürchen,VS
3943,Eischoll,VS
3944,Unterbäch VS,VS
3947,Ergisch,VS
3948,Unterems,VS
3951,Agarn,VS
3955,Albinen,VS
3956,Guttet-Feschel,VS
3957,Erschmatt,VS
3953,Varen,VS
3976,Noës,VS
3978,Flanthey,VS
1977,Icogne,VS
3979,Grône,VS
3945,Gampel,VS
3954,Leukerbad,VS
3970,Salgesch,VS
1958,St-Léonard,VS
3971,Chermignon,VS
3972,Miège,VS
3973,Venthône,VS
3974,Mollens VS,VS
3975,Randogne,VS
3961,Vissoie,VS
3967,Vercorin,VS
3963,Montana,VS
3965,Chippis,VS
3968,Veyras,VS
3982,Bitsch,VS
3993,Grengiols,VS
3994,Lax,VS
3997,Bellwald,VS
3989,Niederwald,VS
3998,Gluringen,VS
3985,Geschinen,VS
3988,Obergesteln,VS
3986,Ried-Mörel,VS
3991,Betten,VS
3995,Ernen,VS
3996,Binn,VS
3983,Mörel,VS
3984,Fiesch,VS
4000,Basel,BS
4101,Bruderholz,BL
4103,Bottmingen,BL
4104,Oberwil BL,BL
4105,Biel-Benken BL,BL
4106,Therwil,BL
4107,Ettingen,BL
4108,Witterswil,SO
4112,Bättwil-Flüh,SO
4114,Hofstetten SO,SO
4115,Mariastein,SO
4117,Burg im Leimental,BL
4118,Rodersdorf,SO
4123,Allschwil,BL
4124,Schönenbuch,BL
4125,Riehen,BS
4126,Bettingen,BS
4127,Birsfelden,BL
4132,Muttenz,BL
4133,Pratteln,BL
4142,Münchenstein,BL
4143,Dornach,SO
4144,Arlesheim,BL
4145,Gempen,SO
4146,Hochwald,SO
4147,Aesch BL,BL
4148,Pfeffingen,BL
4153,Reinach BL,BL
4202,Duggingen,BL
4203,Grellingen,BL
4206,Seewen SO,SO
4207,Bretzwil,BL
4208,Nunningen,SO
4222,Zwingen,BL
4225,Brislach,BL
4226,Breitenbach,SO
4227,Büsserach,SO
4228,Erschwil,SO
4242,Laufen,BL
4243,Dittingen,BL
4244,Röschenz,BL
4245,Kleinlützel,SO
4204,Himmelried,SO
4223,Blauen,BL
4224,Nenzlingen,BL
4229,Beinwil SO,SO
4232,Fehren,SO
4233,Meltingen,SO
4234,Zullwil,SO
4246,Wahlen b. Laufen,BL
4247,Grindel,SO
4252,Bärschwil,SO
4253,Liesberg,BL
4302,Augst BL,BL
4303,Kaiseraugst,AG
4304,Giebenach,BL
4305,Olsberg,AG
4310,Rheinfelden,AG
4312,Magden,AG
4313,Möhlin,AG
4314,Zeiningen,AG
4315,Zuzgen,AG
4316,Hellikon,AG
4317,Wegenstetten,AG
4322,Mumpf,AG
4323,Wallbach,AG
4324,Obermumpf,AG
4325,Schupfart,AG
4332,Stein AG,AG
4333,Münchwilen AG,AG
4334,Sisseln AG,AG
5080,Laufenburg,AG
5082,Kaisten,AG
5275,Etzgen,AG
5272,Gansingen,AG
5326,Schwaderloch,AG
5325,Leibstadt,AG
5324,Full-Reuenthal,AG
4402,Frenkendorf,BL
4410,Liestal,BL
4411,Seltisberg,BL
4412,Nuglar,SO
4413,Büren SO,SO
4414,Füllinsdorf,BL
4415,Lausen,BL
4416,Bubendorf,BL
4417,Ziefen,BL
4418,Reigoldswil,BL
4419,Lupsingen,BL
4422,Arisdorf,BL
4423,Hersberg,BL
4424,Arboldswil,BL
4425,Titterten,BL
4426,Lauwil,BL
4431,Bennwil,BL
4432,Lampenberg,BL
4433,Ramlinsburg,BL
4434,Hölstein,BL
4435,Niederdorf,BL
4436,Oberdorf BL,BL
4437,Waldenburg,BL
4438,Langenbruck,BL
4441,Thürnen,BL
4442,Diepflingen,BL
4443,Wittinsburg,BL
4444,Rümlingen,BL
4445,Häfelfingen,BL
4446,Buckten,BL
4447,Känerkinden,BL
4448,Läufelfingen,BL
4450,Sissach,BL
4451,Wintersingen,BL
4452,Itingen,BL
4453,Nusshof,BL
4455,Zunzgen,BL
4456,Tenniken,BL
4457,Diegten,BL
4458,Eptingen,BL
4460,Gelterkinden,BL
4461,Böckten,BL
4465,Hemmiken,BL
4469,Anwil,BL
4462,Rickenbach BL,BL
4463,Buus,BL
4464,Maisprach,BL
4466,Ormalingen,BL
4467,Rothenfluh,BL
4468,Kienberg,SO
4492,Tecknau,BL
4493,Wenslingen,BL
4494,Oltingen,BL
4495,Zeglingen,BL
4496,Kilchberg BL,BL
4497,Rünenberg,BL
4500,Solothurn,SO
4515,Weissenstein,SO
4525,Balm b. Günsberg,SO
4523,Niederwil SO,SO
4535,Hubersdorf,SO
4539,Rumisberg,BE
4557,Horriwil,SO
4558,Hersiwil,SO
4512,Bellach,SO
4513,Langendorf,SO
4514,Lommiswil,SO
4522,Rüttenen,SO
4524,Günsberg,SO
4528,Zuchwil,SO
4532,Feldbrunnen,SO
4534,Flumenthal,SO
4536,Attiswil,BE
4537,Wiedlisbach,BE
4538,Oberbipp,BE
4552,Derendingen,SO
4553,Subingen,SO
4554,Etziken,SO
3375,Inkwil,BE
4562,Biberist,SO
4563,Gerlafingen,SO
4564,Obergerlafingen,SO
4565,Recherswil,SO
4566,Kriegstetten,SO
4581,Küttigkofen,SO
4571,Lüterkofen-Ichert,SO
4585,Biezwil,SO
4588,Unterramsern,SO
4574,Nennigkofen,SO
4600,Olten,SO
4612,Wangen b. Olten,SO
4613,Rickenbach SO,SO
4614,Hägendorf,SO
4616,Kappel SO,SO
4617,Gunzgen,SO
4618,Boningen,SO
4622,Egerkingen,SO
4623,Neuendorf,SO
4624,Härkingen,SO
4625,Oberbuchsiten,SO
4626,Niederbuchsiten,SO
4632,Trimbach,SO
4652,Winznau,SO
4653,Obergösgen,SO
4654,Lostorf,SO
4655,Stüsslingen,SO
4656,Starrkirch-Wil,SO
4657,Dulliken,SO
4658,Däniken SO,SO
4663,Aarburg,AG
4665,Oftringen,AG
4633,Hauenstein,SO
4634,Wisen SO,SO
4702,Oensingen,SO
4703,Kestenholz,SO
4704,Niederbipp,BE
3380,Wangen an der Aare,BE
3377,Walliswil b.Wangen,BE
4543,Deitingen,SO
4542,Luterbach,SO
4710,Balsthal,SO
4714,Aedermannsdorf,SO
4715,Herbetswil,SO
4719,Ramiswil,SO
4712,Laupersdorf,SO
4713,Matzendorf,SO
4716,Welschenrohr,SO
4718,Holderbank SO,SO
4800,Zofingen,AG
4802,Strengelbach,AG
4803,Vordemwald,AG
4805,Brittnau,AG
4806,Wikon,LU
4813,Uerkheim,AG
4814,Bottenwil,AG
4852,Rothrist,AG
4853,Murgenthal,AG
4629,Fulenbach,SO
4628,Wolfwil,SO
4900,Langenthal,BE
4911,Schwarzhäusern,BE
4912,Aarwangen,BE
4913,Bannwil,BE
4914,Roggwil BE,BE
4915,St. Urban,LU
4917,Melchnau,BE
4955,Gondiswil,BE
4919,Reisiswil,BE
4922,Bützberg,BE
4923,Wynau,BE
4924,Obersteckholz,BE
4932,Lotzwil,BE
4933,Rütschelen,BE
4934,Madiswil,BE
4937,Ursenbach,BE
4938,Rohrbach,BE
4943,Oeschenbach,BE
4944,Auswil,BE
4950,Huttwil,BE
4952,Eriswil,BE
4954,Wyssachen,BE
5000,Aarau,AG
5012,Schönenwerd,SO
5013,Niedergösgen,SO
5014,Gretzenbach,SO
5015,Erlinsbach SO,SO
5017,Barmelweid,AG
5022,Rombach,AG
5023,Biberstein,AG
5025,Asp,AG
5027,Herznach,AG
5028,Ueken,AG
5033,Buchs AG,AG
5034,Suhr,AG
5035,Unterentfelden,AG
5036,Oberentfelden,AG
5037,Muhen,AG
5040,Schöftland,AG
5042,Hirschthal,AG
5043,Holziken,AG
5044,Schlossrued,AG
5046,Schmiedrued,AG
5053,Staffelbach,AG
5054,Kirchleerau-Moosle,AG
5056,Attelwil,AG
5057,Reitnau,AG
5102,Rupperswil,AG
5103,Wildegg,AG
5105,Auenstein,AG
5106,Veltheim AG,AG
5107,Schinznach Dorf,AG
5112,Thalheim AG,AG
5113,Holderbank AG,AG
5116,Schinznach Bad,AG
5245,Habsburg,AG
5246,Scherz,AG
5200,Brugg AG,AG
5210,Windisch,AG
5212,Hausen AG,AG
5213,Villnachern,AG
5223,Riniken,AG
5233,Stilli,AG
5235,Rüfenach AG,AG
5236,Remigen,AG
5237,Mönthal,AG
5242,Birr-Lupfig,AG
5243,Mülligen,AG
5244,Birrhard,AG
5078,Effingen,AG
5076,Bözen,AG
5077,Elfingen,AG
5079,Zeihen,AG
5075,Hornussen,AG
5070,Frick,AG
5072,Oeschgen,AG
5073,Gipf-Oberfrick,AG
5064,Wittnau,AG
5063,Wölflinswil,AG
5062,Oberhof,AG
5074,Eiken,AG
5300,Turgi,AG
5301,Siggenthal Station,AG
5303,Würenlingen,AG
5304,Endingen,AG
5306,Tegerfelden,AG
5312,Döttingen,AG
5313,Klingnau,AG
5314,Kleindöttingen,AG
5316,Leuggern,AG
5318,Mandach,AG
5322,Koblenz,AG
5400,Baden,AG
5408,Ennetbaden,AG
5412,Gebenstorf,AG
5413,Birmenstorf AG,AG
5415,Nussbaumen AG,AG
5420,Ehrendingen,AG
5423,Freienwil,AG
5425,Schneisingen,AG
5426,Lengnau AG,AG
5430,Wettingen,AG
5432,Neuenhof,AG
5442,Fislisbach,AG
5443,Niederrohrdorf,AG
5444,Künten,AG
5445,Eggenwil,AG
5452,Oberrohrdorf,AG
5453,Remetschwil,AG
5454,Bellikon,AG
5502,Hunzenschwil,AG
5503,Schafisheim,AG
5504,Othmarsingen,AG
5505,Brunegg,AG
5506,Mägenwil,AG
5507,Mellingen,AG
5512,Wohlenschwil,AG
5522,Tägerig,AG
5524,Nesselnbach,AG
5525,Fischbach-Göslikon,AG
5600,Lenzburg,AG
5603,Staufen,AG
5604,Hendschiken,AG
5605,Dottikon,AG
5606,Dintikon,AG
5607,Hägglingen,AG
5608,Stetten AG,AG
5610,Wohlen AG,AG
5619,Büttikon AG,AG
5612,Villmergen,AG
5614,Sarmenstorf,AG
5615,Fahrwangen,AG
5616,Meisterschwanden,AG
5618,Bettwil,AG
5620,Bremgarten AG,AG
5621,Zufikon,AG
5622,Waltenschwil,AG
5623,Boswil,AG
5624,Bünzen,AG
5625,Kallern,AG
5627,Besenbüren,AG
5628,Aristau,AG
5630,Muri AG,AG
5632,Buttwil,AG
5634,Merenschwand,AG
5637,Beinwil (Freiamt),AG
5642,Mühlau,AG
5643,Sins,AG
5644,Auw,AG
5646,Abtwil AG,AG
5647,Oberrüti,AG
5702,Niederlenz,AG
5703,Seon,AG
5704,Egliswil,AG
5705,Hallwil,AG
5706,Boniswil,AG
5707,Seengen,AG
5708,Birrwil,AG
5712,Beinwil am See,AG
5722,Gränichen,AG
5723,Teufenthal AG,AG
5724,Dürrenäsch,AG
5725,Leutwil,AG
5726,Unterkulm,AG
5727,Oberkulm,AG
5728,Gontenschwil,AG
5732,Zetzwil,AG
5733,Leimbach AG,AG
5734,Reinach AG,AG
5735,Pfeffikon LU,LU
5736,Burg AG,AG
5737,Menziken,AG
5742,Kölliken,AG
5745,Safenwil,AG
5746,Walterswil SO,SO
6000,Luzern,LU
6010,Kriens,LU
6013,Eigenthal,LU
6016,Hellbühl,LU
6017,Ruswil,LU
6018,Buttisholz,LU
6020,Emmenbrücke,LU
6022,Grosswangen,LU
6023,Rothenburg,LU
6024,Hildisrieden,LU
6025,Neudorf,LU
6026,Rain,LU
6027,Römerswil LU,LU
6030,Ebikon,LU
6033,Buchrain,LU
6034,Inwil,LU
6036,Dierikon,LU
6037,Root,LU
6038,Gisikon,LU
6042,Dietwil,AG
6043,Adligenswil,LU
6044,Udligenswil,LU
6045,Meggen,LU
6047,Kastanienbaum,LU
6052,Hergiswil NW,NW
6053,Alpnachstad,OW
6056,Kägiswil,OW
6068,Melchsee-Frutt,OW
6072,Sachseln,OW
6074,Giswil,OW
6078,Bürglen OW,OW
6083,Hasliberg Hohfluh,BE
6102,Malters,LU
6105,Schachen LU,LU
6110,Wolhusen,LU
6112,Doppleschwand,LU
6113,Romoos,LU
6122,Menznau,LU
6126,Daiwil,LU
6133,Hergiswil LU,LU
6142,Gettnau,LU
6143,Ohmstal,LU
6144,Zell LU,LU
6145,Fischbach LU,LU
6146,Grossdietwil,LU
6147,Altbüron,LU
6153,Ufhusen,LU
6154,Hofstatt,LU
6160,Entlebuch,LU
6166,Hasle LU,LU
6170,Schüpfheim,LU
6173,Flühli LU,LU
6182,Escholzmatt,LU
6197,Schangnau,BE
6204,Sempach,LU
6205,Eich,LU
6207,Nottwil,LU
6208,Oberkirch LU,LU
6210,Sursee,LU
6211,Buchs LU,LU
6212,St. Erhard,LU
6214,Schenkon,LU
6216,Mauensee,LU
6217,Kottwil,LU
6231,Schlierbach,LU
6232,Geuensee,LU
6233,Büron,LU
6234,Triengen,LU
6242,Wauwil,LU
6243,Egolzwil,LU
6244,Nebikon,LU
6245,Ebersecken,LU
6246,Altishofen,LU
6248,Alberswil,LU
6260,Reiden,LU
6265,Roggliswil,LU
6274,Eschenbach LU,LU
6275,Ballwil,LU
6276,Hohenrain,LU
6280,Hochdorf,LU
6284,Gelfingen,LU
6286,Altwis,LU
6287,Aesch LU,LU
6288,Schongau,LU
6294,Ermensee,LU
6300,Zug,ZG
6330,Cham 2,ZG
6313,Edlibach,ZG
6319,Allenwinden,ZG
6315,Morgarten,ZG
6312,Steinhausen,ZG
6314,Unterägeri,ZG
6318,Walchwil,ZG
6331,Hünenberg,ZG
6343,Rotkreuz,ZG
6344,Meierskappel,LU
6345,Neuheim,ZG
6353,Weggis,LU
6354,Vitznau,LU
6362,Stansstad,NW
6370,Stans,NW
6372,Ennetmoos,NW
6373,Ennetbürgen,NW
6374,Buochs,NW
6375,Beckenried,NW
6376,Emmetten,NW
6377,Seelisberg,UR
6382,Büren NW,NW
6383,Dallenwil,NW
6386,Wolfenschiessen,NW
6388,Grafenort,OW
6402,Merlischachen,SZ
6404,Greppen,LU
6410,Goldau,SZ
6416,Steinerberg,SZ
6417,Sattel,SZ
6418,Rothenthurm,SZ
6422,Steinen,SZ
6423,Seewen SZ,SZ
6424,Lauerz,SZ
6436,Ried (Muotathal),SZ
6433,Stoos SZ,SZ
6434,Illgau,SZ
6440,Brunnen,SZ
6442,Gersau,SZ
6452,Sisikon,UR
6454,Flüelen,UR
6460,Altdorf UR,UR
6461,Isenthal,UR
6462,Seedorf UR,UR
6463,Bürglen UR,UR
6464,Spiringen,UR
6465,Unterschächen,UR
6466,Bauen,UR
6467,Schattdorf,UR
6468,Attinghausen,UR
6472,Erstfeld,UR
6473,Silenen,UR
6476,Intschi,UR
6484,Wassen UR,UR
6487,Göschenen,UR
6490,Andermatt,UR
6491,Realp,UR
6493,Hospental,UR
6500,Bellinzona,TI
6512,Giubiasco,TI
6513,Monte Carasso,TI
6514,Sementina,TI
6515,Gudo,TI
6516,Cugnasco,TI
6517,Arbedo,TI
6518,Gorduno,TI
6525,Gnosca,TI
6526,Prosito,TI
6528,Camorino,TI
6533,Lumino,TI
6534,S. Vittore,GR
6535,Roveredo GR,GR
6537,Grono,GR
6523,Preonzo,TI
6524,Moleno,TI
6582,Pianezzo,TI
6583,S. Antonio,TI
6540,Castaneda,GR
6541,Sta. Maria,GR
6538,Verdabbio,GR
6542,Buseno,GR
6543,Arvigo,GR
6544,Braggio,GR
6545,Selma,GR
6546,Cauco,GR
6547,Augio,GR
6556,Leggia,GR
6565,S. Bernardino,GR
6557,Cama,GR
6558,Lostallo,GR
6562,Soazza,GR
6572,Quartino,TI
6592,S. Antonino,TI
6593,Cadenazzo,TI
6595,Riazzino,TI
6596,Gordola,TI
6598,Tenero,TI
6656,Golino,TI
6618,Arcegno,TI
6647,Mergoscia,TI
6661,Auressio,TI
6611,Mosogno,TI
6662,Russo,TI
6664,Vergeletto,TI
6632,Vogorno,TI
6631,Corippo,TI
6633,Lavertezzo,TI
6634,Brione (Verzasca),TI
6636,Frasco,TI
6637,Sonogno,TI
6612,Ascona,TI
6613,Porto Ronco,TI
6614,Brissago,TI
6644,Orselina,TI
6645,Brione s. Minusio,TI
6648,Minusio,TI
6652,Tegna,TI
6670,Avegno,TI
6677,Moghegno,TI
6682,Linescio,TI
6683,Cerentino,TI
6685,Bosco/Gurin,TI
6684,Campo (VM),TI
6690,Cavergno,TI
6692,Brontallo,TI
6702,Claro,TI
6703,Osogna,TI
6705,Cresciano,TI
6707,Iragna,TI
6710,Biasca,TI
6721,Ludiano,TI
6722,Corzoneso,TI
6719,Aquila,TI
6742,Pollegio,TI
6743,Bodio TI,TI
6745,Giornico,TI
6746,Lavorgo,TI
6772,Rodi-Fiesso,TI
6775,Ambrì,TI
6780,Airolo,TI
6781,Villa Bedretto,TI
6744,Personico,TI
6749,Sobrio,TI
6774,Dalpe,TI
6802,Rivera,TI
6807,Taverne,TI
6814,Lamone-Cadempino,TI
6815,Melide,TI
6816,Bissone,TI
6817,Maroggia,TI
6818,Melano,TI
6822,Arogno,TI
6825,Capolago,TI
6826,Riva San Vitale,TI
6828,Balerna,TI
6830,Chiasso,TI
6839,Sagno,TI
6833,Vacallo,TI
6834,Morbio Inferiore,TI
6810,Isone,TI
6805,Mezzovico,TI
6821,Rovio,TI
6875,Monte,TI
6854,S. Pietro,TI
6867,Serpiano,TI
6877,Coldrerio,TI
6883,Novazzano,TI
6900,Lugano,TI
6916,Grancia,TI
6919,Carabietta,TI
6921,Vico Morcote,TI
6928,Manno,TI
6929,Gravesano,TI
6930,Bedano,TI
6939,Arosio,TI
6949,Comano,TI
6922,Morcote,TI
6924,Sorengo,TI
6933,Muzzano,TI
6934,Bioggio,TI
6936,Cademario,TI
6942,Savosa,TI
6943,Vezia,TI
6948,Porza,TI
6950,Tesserete,TI
6944,Cureglia,TI
6945,Origlio,TI
6946,Ponte Capriasca,TI
6952,Canobbio,TI
6990,Cassina d'Agno,TI
6991,Neggio,TI
6992,Vernate,TI
6994,Aranno,TI
6981,Bedigliora,TI
6980,Castelrotto,TI
6999,Astano,TI
6986,Miglieglia,TI
6995,Molinazzo,TI
6997,Sessa,TI
6983,Magliaso,TI
6984,Pura,TI
6987,Caslano,TI
6988,Ponte Tresa,TI
7000,Chur,GR
7012,Felsberg,GR
7013,Domat/Ems,GR
7015,Tamins,GR
7017,Flims Dorf,GR
7023,Haldenstein,GR
7026,Maladers,GR
7031,Laax GR,GR
7050,Arosa,GR
7062,Passugg-Araschgen,GR
7063,Praden,GR
7077,Valbella,GR
7083,Lantsch/Lenz,GR
7084,Brienz/Brinzauls,GR
7014,Trin,GR
7104,Versam,GR
7126,Castrisch,GR
7151,Schluein,GR
7153,Falera,GR
7152,Sagogn,GR
7113,Camuns,GR
7137,Flond,GR
7132,Vals,GR
7133,Obersaxen Affeier,GR
7158,Waltensburg/Vuorz,GR
7159,Andiast,GR
7162,Tavanasa,GR
7166,Trun,GR
7172,Rabius,GR
7180,Disentis/Mustér,GR
7184,Curaglia,GR
7187,Camischolas,GR
7201,Untervaz Bahnhof,GR
7204,Untervaz,GR
7205,Zizers,GR
7206,Igis,GR
7208,Malans GR,GR
7212,Seewis Dorf,GR
7213,Valzeina,GR
7220,Schiers,GR
7223,Buchen,GR
7231,Pragg-Jenaz,GR
7232,Furna,GR
7235,Fideris,GR
7240,Küblis,GR
7245,Ascharina,GR
7241,Conters,GR
7247,Saas im Prättigau,GR
7249,Serneus,GR
7260,Davos Dorf,GR
7304,Maienfeld,GR
7306,Fläsch,GR
7307,Jenins,GR
7310,Bad Ragaz,SG
7317,Valens,SG
7320,Sargans,SG
7325,Schwendi,SG
7323,Wangs,SG
7402,Bonaduz,GR
7403,Rhäzüns,GR
7404,Feldis/Veulden,GR
7405,Rothenbrunnen,GR
7408,Cazis,GR
7411,Sils im Domleschg,GR
7412,Scharans,GR
7413,Fürstenaubruck,GR
7415,Rodels,GR
7416,Almens,GR
7417,Paspels,GR
7430,Thusis,GR
7425,Masein,GR
7426,Flerden,GR
7427,Urmein,GR
7428,Tschappina,GR
7431,Mutten,GR
7432,Zillis,GR
7433,Donat,GR
7434,Sufers,GR
7435,Splügen,GR
7437,Nufenen,GR
7438,Hinterrhein,GR
7440,Andeer,GR
7444,Ausserferrera,GR
7446,Campsut-Cröt,GR
7450,Tiefencastel,GR
7458,Mon,GR
7459,Stierva,GR
7451,Alvaschein,GR
7452,Cunter,GR
7453,Tinizong,GR
7455,Mulegns,GR
7456,Sur,GR
7457,Bivio,GR
7460,Savognin,GR
7462,Salouf,GR
7463,Riom,GR
7472,Surava,GR
7473,Alvaneu Bad,GR
7477,Filisur,GR
7482,Bergün/Bravuogn,GR
7493,Schmitten (Albula),GR
7500,St. Moritz,GR
7502,Bever,GR
7503,Samedan,GR
7504,Pontresina,GR
7505,Celerina,GR
7513,Silvaplana,GR
7514,Sils/Segl Maria,GR
7516,Maloja,GR
7522,La Punt-Chamues-ch,GR
7523,Madulain,GR
7524,Zuoz,GR
7525,S-chanf,GR
7527,Brail,GR
7532,Tschierv,GR
7542,Susch,GR
7543,Lavin,GR
7545,Guarda,GR
7546,Ardez,GR
7550,Scuol,GR
7551,Ftan,GR
7552,Vulpera,GR
7554,Sent,GR
7556,Ramosch,GR
7562,Samnaun-Compatsch,GR
7742,Poschiavo,GR
7743,Brusio,GR
8000,Zürich,ZH
8102,Oberengstringen,ZH
8103,Unterengstringen,ZH
8104,Weiningen ZH,ZH
8105,Regensdorf,ZH
8107,Buchs ZH,ZH
8108,Dällikon,ZH
8112,Otelfingen,ZH
8113,Boppelsen,ZH
8114,Dänikon ZH,ZH
8115,Hüttikon,ZH
5436,Würenlos,AG
8117,Fällanden,ZH
8122,Binz,ZH
8125,Zollikerberg,ZH
8126,Zumikon,ZH
8132,Hinteregg,ZH
8134,Adliswil,ZH
8135,Langnau am Albis,ZH
8136,Gattikon,ZH
8143,Uetliberg,ZH
8142,Uitikon Waldegg,ZH
8152,Glattbrugg,ZH
8153,Rümlang,ZH
8154,Oberglatt ZH,ZH
8155,Niederhasli,ZH
8157,Dielsdorf,ZH
8158,Regensberg,ZH
8162,Steinmaur,ZH
8164,Bachs,ZH
8165,Schöfflisdorf,ZH
8166,Niederweningen,ZH
8172,Niederglatt ZH,ZH
8173,Neerach,ZH
8174,Stadel,ZH
8180,Bülach,ZH
8181,Höri,ZH
8182,Hochfelden,ZH
8184,Bachenbülach,ZH
8185,Winkel,ZH
8192,Glattfelden,ZH
8193,Eglisau,ZH
8194,Hüntwangen,ZH
8195,Wasterkingen,ZH
8196,Wil ZH,ZH
8197,Rafz,ZH
8200,Schaffhausen,SH
8219,Trasadingen,SH
8228,Beggingen,SH
8234,Stetten SH,SH
8235,Lohn SH,SH
8236,Opfertshofen SH,SH
8239,Dörflingen,SH
8212,Neuhausen,SH
8213,Neunkirch,SH
8214,Gächlingen,SH
8215,Hallau,SH
8216,Oberhallau,SH
8217,Wilchingen,SH
8222,Beringen,SH
8224,Löhningen,SH
8225,Siblingen,SH
8226,Schleitheim,SH
8232,Merishausen,SH
8233,Bargen SH,SH
8245,Feuerthalen,ZH
8247,Flurlingen,ZH
8252,Schlatt TG,TG
8254,Basadingen,TG
8259,Kaltenbach,TG
8253,Diessenhofen,TG
8260,Stein am Rhein,SH
8261,Hemishofen,SH
8262,Ramsen,SH
8263,Buch SH,SH
8264,Eschenz,TG
8265,Mammern,TG
8266,Steckborn,TG
8267,Berlingen,TG
8268,Mannenbach-Salenst,TG
8272,Ermatingen,TG
8274,Tägerwilen,TG
8280,Kreuzlingen,TG
8301,Glattzentrum,ZH
8302,Kloten,ZH
8303,Bassersdorf,ZH
8305,Dietlikon,ZH
8306,Brüttisellen,ZH
8307,Effretikon,ZH
8315,Lindau,ZH
8309,Nürensdorf,ZH
8311,Brütten,ZH
8314,Kyburg,ZH
8320,Fehraltorf,ZH
8489,Wildberg,ZH
8322,Madetswil,ZH
8330,Pfäffikon ZH,ZH
8335,Hittnau,ZH
8340,Hinwil,ZH
8344,Bäretswil,ZH
8352,Elsau,ZH
8353,Elgg,ZH
8354,Hofstetten ZH,ZH
8355,Aadorf,TG
8360,Eschlikon TG,TG
8362,Balterswil,TG
8370,Sirnach,TG
8374,Oberwangen TG,TG
8400,Winterthur,ZH
8412,Aesch (Neftenbach),ZH
8414,Buch am Irchel,ZH
8415,Berg am Irchel,ZH
8416,Flaach,ZH
8418,Schlatt,ZH
8422,Pfungen,ZH
8421,Dättlikon,ZH
8423,Embrach-Embraport,ZH
8425,Oberembrach,ZH
8426,Lufingen,ZH
8427,Rorbas-Freienstein,ZH
8428,Teufen ZH,ZH
8187,Weiach,ZH
5466,Kaiserstuhl AG,AG
5467,Fisibach,AG
5332,Rekingen AG,AG
5330,Bad Zurzach,AG
5323,Rietheim,AG
5464,Rümikon AG,AG
5465,Mellikon,AG
5463,Wislikofen,AG
5462,Siglistorf,AG
5333,Baldingen,AG
5334,Böbikon,AG
8442,Hettlingen,ZH
8444,Henggart,ZH
8447,Dachsen,ZH
8248,Uhwiesen,ZH
8450,Andelfingen,ZH
8453,Alten,ZH
8452,Adlikon,ZH
8457,Humlikon,ZH
8458,Dorf,ZH
8459,Volken,ZH
8454,Buchberg,SH
8455,Rüdlingen,SH
8460,Marthalen,ZH
8465,Rudolfingen,ZH
8462,Rheinau,ZH
8463,Benken ZH,ZH
8472,Seuzach,ZH
8474,Dinhard,ZH
8475,Ossingen,ZH
8476,Unterstammheim,ZH
8477,Oberstammheim,ZH
8471,Rutschwil,ZH
8478,Thalheim,ZH
8479,Altikon,ZH
8467,Truttikon,ZH
8468,Guntalingen,ZH
8483,Kollbrunn,ZH
8484,Weisslingen,ZH
8488,Turbenthal,ZH
8492,Wila,ZH
8493,Saland,ZH
8496,Steg im Tösstal,ZH
8499,Sternenberg,ZH
8500,Frauenfeld,TG
8505,Pfyn,TG
8506,Lanzenneunforn,TG
8507,Hörhausen,TG
8512,Thundorf,TG
8514,Amlikon-Bissegg,TG
8523,Hagenbuch ZH,ZH
8524,Uesslingen,TG
8525,Niederneunforn,TG
8532,Warth,TG
8536,Hüttwilen,TG
8542,Wiesendangen,ZH
8545,Rickenbach ZH,ZH
8546,Islikon,TG
8548,Ellikon a d Thur,ZH
8552,Felben-Wellhausen,TG
8553,Hüttlingen-Mettdf,TG
8554,Müllheim-Wigoltgn,TG
8555,Müllheim Dorf,TG
8564,Lipperswil,TG
8558,Raperswilen,TG
8560,Märstetten,TG
8565,Hugelshofen,TG
8570,Weinfelden,TG
8572,Berg TG,TG
8574,Illighausen,TG
8575,Bürglen TG,TG
8577,Schönholzerswilen,TG
9217,Neukirch,TG
8580,Amriswil,TG
8582,Dozwil,TG
8588,Zihlschlacht,TG
8583,Sulgen,TG
8585,Mattwil,TG
8586,Erlen,TG
8590,Romanshorn,TG
8599,Salmsach,TG
8592,Uttwil,TG
8593,Kesswil,TG
8594,Güttingen,TG
8595,Altnau,TG
8596,Scherzingen,TG
8598,Bottighofen,TG
8600,Dübendorf,ZH
8603,Schwerzenbach,ZH
8604,Volketswil,ZH
8606,Nänikon,ZH
8607,Aathal-Seegräben,ZH
8608,Bubikon,ZH
8614,Bertschikon Gossau,ZH
8617,Mönchaltorf,ZH
8618,Oetwil am See,ZH
8620,Wetzikon ZH,ZH
8627,Grüningen,ZH
8630,Rüti ZH,ZH
8632,Tann,ZH
8634,Hombrechtikon,ZH
8636,Wald ZH,ZH
8638,Goldingen,SG
8640,Rapperswil SG,SG
8700,Küsnacht ZH,ZH
8703,Erlenbach ZH,ZH
8704,Herrliberg,ZH
8706,Meilen,ZH
8707,Uetikon am See,ZH
8708,Männedorf,ZH
8712,Stäfa,ZH
8716,Schmerikon,SG
8717,Benken SG,SG
8718,Schänis,SG
8722,Kaltbrunn,SG
8725,Ernetschwil,SG
8730,Uznach,SG
8750,Glarus,GL
8752,Näfels,GL
8756,Mitlödi,GL
8802,Kilchberg ZH,ZH
8803,Rüschlikon,ZH
8804,Au ZH,ZH
8805,Richterswil,ZH
8806,Bäch SZ,SZ
8810,Horgen,ZH
8816,Hirzel,ZH
8824,Schönenberg ZH,ZH
8825,Hütten,ZH
8832,Wollerau,SZ
8834,Schindellegi,SZ
8836,Bennau,SZ
8849,Alpthal,SZ
8845,Studen SZ,SZ
8843,Oberiberg,SZ
8852,Altendorf,SZ
8853,Lachen SZ,SZ
8854,Siebnen,SZ
8855,Wangen SZ,SZ
8856,Tuggen,SZ
8857,Vorderthal,SZ
8858,Innerthal,SZ
8864,Reichenburg,SZ
8872,Weesen,SG
8873,Amden,SG
8877,Murg,SG
8880,Walenstadt,SG
8890,Flums,SG
8902,Urdorf,ZH
8903,Birmensdorf ZH,ZH
8904,Aesch ZH,ZH
8905,Arni-Islisberg,AG
8906,Bonstetten,ZH
8907,Wettswil,ZH
8908,Hedingen,ZH
8910,Affoltern am Albis,ZH
8911,Rifferswil,ZH
8912,Obfelden,ZH
8913,Ottenbach,ZH
8914,Aeugst am Albis,ZH
8915,Hausen am Albis,ZH
8916,Jonen,AG
8917,Oberlunkhofen,AG
8918,Unterlunkhofen,AG
8919,Rottenschwil,AG
8926,Kappel am Albis,ZH
8932,Mettmenstetten,ZH
8933,Maschwanden,ZH
8934,Knonau,ZH
8942,Oberrieden,ZH
8952,Schlieren,ZH
8953,Dietikon,ZH
8954,Geroldswil,ZH
8955,Oetwil a.d. Limmat,ZH
8956,Killwangen,AG
8957,Spreitenbach,AG
8962,Bergdietikon,AG
8964,Rudolfstetten,AG
8965,Berikon,AG
8966,Oberwil-Lieli,AG
8967,Widen,AG
9000,St. Gallen,SG
9030,Abtwil SG,SG
9033,Untereggen,SG
9034,Eggersriet,SG
9035,Grub AR,AR
9037,Speicherschwendi,AR
9038,Rehetobel,AR
9043,Trogen,AR
9044,Wald AR,AR
9050,Appenzell,AI
9052,Niederteufen,AR
9054,Haslen AI,AI
9055,Bühler,AR
9056,Gais,AR
9057,Weissbad,AI
9058,Brülisau,AI
9063,Stein AR,AR
9064,Hundwil,AR
9100,Herisau,AR
9103,Schwellbrunn,AR
9104,Waldstatt,AR
9105,Schönengrund,AR
9107,Urnäsch,AR
9108,Gonten,AI
9113,Degersheim,SG
9114,Hoffeld,SG
9126,Necker,SG
9633,Bächli (Hemberg),SG
9200,Gossau SG,SG
9203,Niederwil SG,SG
9204,Andwil SG,SG
9205,Waldkirch,SG
9213,Hauptwil,TG
9216,Heldswil,TG
9220,Bischofszell,TG
9230,Flawil,SG
9604,Oberrindal,SG
9240,Uzwil,SG
9242,Oberuzwil,SG
9243,Jonschwil,SG
9246,Niederbüren,SG
9300,Wittenbach,SG
9305,Berg SG,SG
9306,Freidorf TG,TG
9315,Winden,TG
9308,Lömmenschwil,SG
9313,Muolen,SG
9320,Arbon,TG
9323,Steinach,SG
9326,Horn,TG
9327,Tübach,SG
9400,Rorschach,SG
9404,Rorschacherberg,SG
9402,Mörschwil,SG
9403,Goldach,SG
9405,Wienacht-Tobel,AR
9410,Heiden,AR
9411,Reute AR,AR
9413,Oberegg,AI
9422,Staad SG,SG
9424,Rheineck,SG
9427,Wolfhalden,AR
9428,Walzenhausen,AR
9430,St. Margrethen SG,SG
9434,Au SG,SG
9436,Balgach,SG
9437,Marbach SG,SG
9450,Lüchingen,SG
9442,Berneck,SG
9443,Widnau,SG
9444,Diepoldsau,SG
9445,Rebstein,SG
9451,Kriessern,SG
9452,Hinterforst,SG
9464,Rüthi (Rheintal),SG
9465,Salez,SG
9470,Buchs SG,SG
9472,Grabs,SG
9473,Gams,SG
9475,Sevelen,SG
9476,Weite,SG
9485,Nendeln,FL
9486,Schaanwald,FL
9487,Gamprin-Bendern,FL
9488,Schellenberg,FL
9490,Vaduz,FL
9491,Ruggell,FL
9494,Schaan,FL
9495,Triesen,FL
9496,Balzers,FL
9497,Triesenberg,FL
9500,Wil SG,SG
9502,Braunau,TG
9503,Stehrenberg,TG
9506,Lommis,TG
9507,Stettfurt,TG
9514,Wuppenau,TG
9523,Züberwangen,SG
9525,Lenggenwil,SG
9532,Rickenbach b. Wil,TG
9533,Kirchberg SG,SG
9535,Wilen b. Wil,TG
9542,Münchwilen TG,TG
9545,Wängi,TG
9548,Matzingen,TG
9553,Bettwiesen,TG
9554,Tägerschen,TG
9556,Affeltrangen,TG
9606,Bütschwil,SG
9607,Mosnang,SG
9620,Lichtensteig,SG
9622,Krinau,SG
9642,Ebnat-Kappel,SG
9643,Krummenau,SG
9656,Alt St. Johann,SG
3185,Schmitten FR,FR
3113,Rubigen,BE
6911,Campione,IT
8238,Büsingen,DE
1031,Mex VD,VD
1734,Tentlingen,FR
1029,Villars-Ste-Croix,VD
6908,Massagno Caselle,TI
1653,Châtel-Montsalvens,FR
1428,Mutrux,VD
1047,Oppens,VD
2027,Montalchez,NE
2933,Damphreux,JU
4584,Gächliwil,SO
5058,Wiliberg,AG
9498,Planken,FL
4573,Lohn-Ammannsegg,SO
6602,Muralto,TI
2360,Le Bémont JU,JU
2362,Montfaucon,JU
2363,Les Enfers,JU
2364,St-Brais,JU
5225,Bözberg,AG
